{
  "fx": 921.7733764648438,
  "fy": 921.0607299804688,
  "ppx": 641.2698364257812,
  "ppy": 358.9563293457031,
  "height": 720,
  "width": 1280,
  "model": "distortion.inverse_brown_conrady",
  "coeffs": [
    0.0,
    0.0,
    0.0,
    0.0,
    0.0
  ]
}